Workbook

Sheet Overview
A1: SYNTRA SMART
A2: SYNTRA TV — Technical Project Plan
A3: Execution plan derived from the SYNTRA TV PRD v1.0 | Prepared for SYNTRA SMART
A5: Project Snapshot
A6: Total backlog items | B6: =COUNTA(Backlog!A6:A200) -> 86
A7: Total story points | B7: =SUM(Backlog!F6:F200) -> 503
A8: Epics | B8: =COUNTA(Epics!A6:A50) -> 18
A9: Planned sprints (2 wks each) | B9: =MAX(Backlog!G6:G200) -> 25
A10: Est. duration to Beta (weeks) | B10: =B9*2 -> 50
A11: % Complete | B11: =IFERROR(COUNTIFS(Backlog!I6:I200,"Done")/COUNTA(Backlog!A6:A200),0) -> 0
A13: Story Points by Epic | E13: Items by Priority
A14: Epic | B14: Items | C14: Points | E14: Priority | F14: Items
A15: =Epics!A6 -> Discovery & Architecture | B15: =COUNTIF(Backlog!$B$6:$B$200,A15) -> 6 | C15: =SUMIF(Backlog!$B$6:$B$200,A15,Backlog!$F$6:$F$200) -> 31 | E15: P0 - Critical | F15: =COUNTIF(Backlog!$E$6:$E$200,"P0 - Critical") -> 39
A16: =Epics!A7 -> Core Backend & Infrastructure | B16: =COUNTIF(Backlog!$B$6:$B$200,A16) -> 6 | C16: =SUMIF(Backlog!$B$6:$B$200,A16,Backlog!$F$6:$F$200) -> 26 | E16: P1 - High | F16: =COUNTIF(Backlog!$E$6:$E$200,"P1 - High") -> 32
A17: =Epics!A8 -> Authentication & Security | B17: =COUNTIF(Backlog!$B$6:$B$200,A17) -> 8 | C17: =SUMIF(Backlog!$B$6:$B$200,A17,Backlog!$F$6:$F$200) -> 42 | E17: P2 - Medium | F17: =COUNTIF(Backlog!$E$6:$E$200,"P2 - Medium") -> 15
A18: =Epics!A9 -> Content Provider Integration | B18: =COUNTIF(Backlog!$B$6:$B$200,A18) -> 4 | C18: =SUMIF(Backlog!$B$6:$B$200,A18,Backlog!$F$6:$F$200) -> 29 | E18: P3 - Low | F18: =COUNTIF(Backlog!$E$6:$E$200,"P3 - Low") -> 0
A19: =Epics!A10 -> Normalization Layer | B19: =COUNTIF(Backlog!$B$6:$B$200,A19) -> 3 | C19: =SUMIF(Backlog!$B$6:$B$200,A19,Backlog!$F$6:$F$200) -> 18
A20: =Epics!A11 -> Streaming & Player | B20: =COUNTIF(Backlog!$B$6:$B$200,A20) -> 5 | C20: =SUMIF(Backlog!$B$6:$B$200,A20,Backlog!$F$6:$F$200) -> 26
A21: =Epics!A12 -> Live TV & EPG | B21: =COUNTIF(Backlog!$B$6:$B$200,A21) -> 4 | C21: =SUMIF(Backlog!$B$6:$B$200,A21,Backlog!$F$6:$F$200) -> 24 | E21: Status Breakdown
A22: =Epics!A13 -> VOD — Movies & Series | B22: =COUNTIF(Backlog!$B$6:$B$200,A22) -> 3 | C22: =SUMIF(Backlog!$B$6:$B$200,A22,Backlog!$F$6:$F$200) -> 18 | E22: Status | F22: Items
A23: =Epics!A14 -> Platform Apps — Mobile, Web, Tablet | B23: =COUNTIF(Backlog!$B$6:$B$200,A23) -> 7 | C23: =SUMIF(Backlog!$B$6:$B$200,A23,Backlog!$F$6:$F$200) -> 42 | E23: Not Started | F23: =COUNTIF(Backlog!$I$6:$I$200,"Not Started") -> 86
A24: =Epics!A15 -> Platform Apps — Android TV & Google TV | B24: =COUNTIF(Backlog!$B$6:$B$200,A24) -> 4 | C24: =SUMIF(Backlog!$B$6:$B$200,A24,Backlog!$F$6:$F$200) -> 31 | E24: In Progress | F24: =COUNTIF(Backlog!$I$6:$I$200,"In Progress") -> 0
A25: =Epics!A16 -> User Accounts & Profiles | B25: =COUNTIF(Backlog!$B$6:$B$200,A25) -> 4 | C25: =SUMIF(Backlog!$B$6:$B$200,A25,Backlog!$F$6:$F$200) -> 18 | E25: Done | F25: =COUNTIF(Backlog!$I$6:$I$200,"Done") -> 0
A26: =Epics!A17 -> Search & AI Recommendations | B26: =COUNTIF(Backlog!$B$6:$B$200,A26) -> 5 | C26: =SUMIF(Backlog!$B$6:$B$200,A26,Backlog!$F$6:$F$200) -> 39 | E26: Blocked | F26: =COUNTIF(Backlog!$I$6:$I$200,"Blocked") -> 0
A27: =Epics!A18 -> Smart Home Integration | B27: =COUNTIF(Backlog!$B$6:$B$200,A27) -> 4 | C27: =SUMIF(Backlog!$B$6:$B$200,A27,Backlog!$F$6:$F$200) -> 26
A28: =Epics!A19 -> Notifications | B28: =COUNTIF(Backlog!$B$6:$B$200,A28) -> 2 | C28: =SUMIF(Backlog!$B$6:$B$200,A28,Backlog!$F$6:$F$200) -> 8
A29: =Epics!A20 -> Subscription & Payments | B29: =COUNTIF(Backlog!$B$6:$B$200,A29) -> 5 | C29: =SUMIF(Backlog!$B$6:$B$200,A29,Backlog!$F$6:$F$200) -> 31
A30: =Epics!A21 -> Admin Dashboard | B30: =COUNTIF(Backlog!$B$6:$B$200,A30) -> 6 | C30: =SUMIF(Backlog!$B$6:$B$200,A30,Backlog!$F$6:$F$200) -> 39
A31: =Epics!A22 -> Beta, QA & Performance | B31: =COUNTIF(Backlog!$B$6:$B$200,A31) -> 6 | C31: =SUMIF(Backlog!$B$6:$B$200,A31,Backlog!$F$6:$F$200) -> 39
A32: =Epics!A23 -> Launch & Post-Launch Roadmap | B32: =COUNTIF(Backlog!$B$6:$B$200,A32) -> 4 | C32: =SUMIF(Backlog!$B$6:$B$200,A32,Backlog!$F$6:$F$200) -> 16
A34: How to use this workbook
A35: - Roadmap & Milestones — phase-by-phase timeline with target durations and exit criteria.
A36: - Epics — the 18 work streams derived from the PRD, each mapped to a target phase.
A37: - Backlog — the sprint-level task list. Update the Status column as work progresses; the Overview totals recalculate automatically.
A38: - All estimates are in story points (Fibonacci: 1, 2, 3, 5, 8, 13) and are planning-level — recalibrate after Sprint 2 based on actual velocity.

Sheet Roadmap & Milestones
A1: SYNTRA SMART
A2: Roadmap & Milestones
A3: Phase-based delivery plan — durations are planning estimates for a mid-sized team
A5: Phase | B5: Focus | C5: Duration (wks) | D5: Start Wk | E5: End Wk | F5: Key Exit Criteria
A6: Phase 0 — Discovery & Architecture | B6: Requirements sign-off, system design, provider API contracts, environment setup | C6: 4 | D6: 1 | E6: 4 | F6: All architecture diagrams approved; dev/staging environments live; CI skeleton running
A7: Phase 1 — Core Backend & Infrastructure | B7: NestJS services, PostgreSQL schema, Redis cache, JWT/OAuth, Docker/K8s baseline | C7: 8 | D7: 5 | E7: 12 | F7: Auth, user, and catalog services deployed to staging with automated tests
A8: Phase 2 — Platform Apps (MVP) | B8: Flutter apps for Mobile, Web, Tablet with core navigation, profiles, and player | C8: 10 | D8: 13 | E8: 22 | F8: MVP apps installable/browsable with mock catalog and working playback
A9: Phase 3 — Content Provider Integration & Streaming | B9: Provider layer, normalization layer, HLS/DASH pipeline, Live TV, VOD catalogs | C9: 8 | D9: 23 | E9: 30 | F9: At least one licensed IPTV and one VOD provider fully live end-to-end
A10: Phase 4 — TV Platforms, AI & Smart Home | B10: Android TV / Google TV apps, recommendations, smart home bridge, subscriptions | C10: 8 | D10: 31 | E10: 38 | F10: TV apps feature-complete; AI recommendations live; smart home controls functional
A11: Phase 5 — Admin Dashboard & Security Hardening | B11: Full admin console, RBAC, DRM readiness, pen-test remediation | C11: 6 | D11: 39 | E11: 44 | F11: Admin dashboard covers all management modules; security audit passed
A12: Phase 6 — Beta & QA | B12: Closed beta across all platforms, performance tuning, bug triage | C12: 6 | D12: 45 | E12: 50 | F12: App launch < 2s and streaming startup < 3s targets met; crash-free rate > 99.5%
A13: Phase 7 — Launch | B13: Store submissions, CDN cutover, monitoring, go-live | C13: 2 | D13: 51 | E13: 52 | F13: Public availability on Android TV, Google TV, Android, iOS, Web, Tablet
A14: Phase 8 — Post-Launch Roadmap | B14: Music, Podcasts, Games, Fitness, Education, Family Dashboard, video calls | C14: Ongoing | D14: — | E14: — | F14: Prioritized per the Future Roadmap backlog, scoped quarterly

Sheet Epics
A1: SYNTRA SMART
A2: Epics
A3: 18 work streams mapped from the PRD, each owned end-to-end by a squad
A5: Epic | B5: Description | C5: Primary Phase | D5: Priority
A6: Discovery & Architecture | B6: System design, API contracts, provider onboarding spec, environment setup | C6: Phase 0 | D6: P0 - Critical
A7: Core Backend & Infrastructure | B7: NestJS services, PostgreSQL schema, Redis cache, Docker/K8s, CI/CD | C7: Phase 1 | D7: P0 - Critical
A8: Authentication & Security | B8: JWT, OAuth, biometric login, device authorization, RBAC, encryption | C8: Phase 1 | D8: P0 - Critical
A9: Content Provider Integration | B9: Provider layer, REST connectors, playlist & EPG ingestion, auto-sync | C9: Phase 3 | D9: P0 - Critical
A10: Normalization Layer | B10: Unified schema mapping across providers, de-duplication, error handling | C10: Phase 3 | D10: P0 - Critical
A11: Streaming & Player | B11: HLS/DASH via FFmpeg, adaptive bitrate, multi-audio/subtitle, casting, PiP | C11: Phase 3 | D11: P0 - Critical
A12: Live TV & EPG | B12: Channel categories, program guide, catch-up TV, time-shift, channel search | C12: Phase 3 | D12: P1 - High
A13: VOD — Movies & Series | B13: Catalog browsing, seasons/episodes, auto-next, skip intro, resume | C13: Phase 3 | D13: P1 - High
A14: Platform Apps — Mobile, Web, Tablet | B14: Flutter clients for Android, iPhone, Web, Tablet | C14: Phase 2 | D14: P0 - Critical
A15: Platform Apps — Android TV & Google TV | B15: Flutter TV clients, remote-first navigation, D-pad focus system | C15: Phase 4 | D15: P0 - Critical
A16: User Accounts & Profiles | B16: Multi-profile, kids profile, PIN, favorites, watch history, parental controls | C16: Phase 2 | D16: P1 - High
... A23: Launch & Post-Launch Roadmap | B23: Store submissions, CDN cutover, go-live, and Phase 8 roadmap intake | C23: Phase 7 | D23: P1 - High

Sheet Backlog
A1: SYNTRA SMART
A2: Sprint Backlog
A3: Sprint length: 2 weeks | Update Status as work progresses — Overview totals recalculate automatically
A5: ID | B5: Epic | C5: Task | D5: Platform / Area | E5: Priority | F5: Points | G5: Sprint | H5: Phase | I5: Status | J5: Notes
A6: TV-001 | B6: Discovery & Architecture | C6: Define system architecture (provider -> normalization -> DB -> cache -> API -> apps) | D6: Cross-platform | E6: P0 - Critical | F6: 8 | G6: 1 | H6: Phase 0 | I6: Not Started
A7: TV-002 | B7: Discovery & Architecture | C7: Author provider onboarding spec (REST, auth, playlist, EPG, HLS URLs) | D7: Backend | E7: P0 - Critical | F7: 5 | G7: 1 | H7: Phase 0 | I7: Not Started
A8: TV-003 | B8: Discovery & Architecture | C8: Define PostgreSQL schema (catalog, users, subscriptions, entitlements) | D8: Backend | E8: P0 - Critical | F8: 5 | G8: 1 | H8: Phase 0 | I8: Not Started
A9: TV-004 | B9: Discovery & Architecture | C9: Stand up dev/staging environments (Docker, Kubernetes namespace, CDN) | D9: DevOps | E9: P0 - Critical | F9: 5 | G9: 2 | H9: Phase 0 | I9: Not Started
A10: TV-005 | B10: Discovery & Architecture | C10: Define brand design system in Figma (dark theme, navy/green, components) | D10: Design | E10: P1 - High | F10: 5 | G10: 2 | H10: Phase 0 | I10: Not Started
A11: TV-006 | B11: Discovery & Architecture | C11: Draft REST API contract (OpenAPI) for application layer | D11: Backend | E11: P0 - Critical | F11: 3 | G11: 2 | H11: Phase 0 | I11: Not Started
A12: TV-007 | B12: Core Backend & Infrastructure | C12: Scaffold NestJS monorepo with modular service boundaries | D12: Backend | E12: P0 - Critical | F12: 5 | G12: 3 | H12: Phase 1 | I12: Not Started
A13: TV-008 | B13: Core Backend & Infrastructure | C13: Implement PostgreSQL migrations and seed data | D13: Backend | E13: P0 - Critical | F13: 5 | G13: 3 | H13: Phase 1 | I13: Not Started
A14: TV-009 | B14: Core Backend & Infrastructure | C14: Stand up Redis cache layer for playlists/EPG/session data | D14: Backend | E14: P0 - Critical | F14: 3 | G14: 3 | H14: Phase 1 | I14: Not Started
A15: TV-010 | B15: Core Backend & Infrastructure | C15: Implement S3-compatible storage integration for media assets | D15: Backend | E15: P1 - High | F15: 3 | G15: 4 | H15: Phase 1 | I15: Not Started
A16: TV-011 | B16: Core Backend & Infrastructure | C16: Set up CI/CD pipeline (build, test, deploy to staging) | D16: DevOps | E16: P0 - Critical | F16: 5 | G16: 4 | H16: Phase 1 | I16: Not Started
A17: TV-012 | B17: Core Backend & Infrastructure | C17: Containerize services and write Kubernetes manifests | D17: DevOps | E17: P0 - Critical | F17: 5 | G17: 4 | H17: Phase 1 | I17: Not Started
... A91: TV-086 | B91: Launch & Post-Launch Roadmap | C91: Scope Phase 8 roadmap: Music, Podcasts, Games, Fitness, Education | D91: Product | E91: P2 - Medium | F91: 3 | G91: 25 | H91: Phase 8 | I91: Not Started
