Workbook

Sheet الافتراضات
A1: SYLTRA SMART — افتراضات النموذج المالي (السنة الأولى)
A3: التكاليف الثابتة الشهرية (ريال) — قابلة للتعديل
A4: رواتب الفريق | B4: 56000
A5: الإيجار | B5: 9167
A6: التسويق | B6: 2500
A7: الإنترنت والاتصالات | B7: 2000
A8: إجمالي التكاليف الثابتة الشهرية | B8: =SUM(B4:B7)
A10: المنصرفات الرأسمالية لمرة واحدة — تُصرف بالكامل في الشهر الأول (ريال)
A11: السيارات | B11: 140000
A12: تجهيز المقر | B12: 50000
A13: معدات التطوير | B13: 20000
A14: مستلزمات مكتبية | B14: 15000
A15: إجمالي المنصرفات الرأسمالية | B15: =SUM(B11:B14)
A17: التكاليف المتغيرة — نسبة من الإيراد الشهري
A18: التوريد المحلي (نسبة من قيمة كل مشروع) | B18: 0.3
A19: عمولة المبيعات | B19: 0.02
A20: إجمالي نسبة التكاليف المتغيرة | B20: =SUM(B18:B19)
A22: إيراد مشاريع التركيب والتشغيل الشهري — السنة الأولى (ريال، خلايا زرقاء قابلة للتعديل)
B23: الشهر 1 | C23: الشهر 2 | D23: الشهر 3 | E23: الشهر 4 | F23: الشهر 5 | G23: الشهر 6 | H23: الشهر 7 | I23: الشهر 8 | J23: الشهر 9 | K23: الشهر 10 | L23: الشهر 11 | M23: الشهر 12
B24: 0 | C24: 27000 | D24: 54000 | E24: 108000 | F24: 135000 | G24: 185000 | H24: 296000 | I24: 296000 | J24: 296000 | K24: 296000 | L24: 296000 | M24: 296000
A26: ملاحظة: الأشهر 1–5 مبنية على خطة المرحلة الأولى الموثّقة (نمو تدريجي حتى 5 مشاريع/شهر بمتوسط 27,000 ريال/مشروع). اعتبارًا من الشهر 6 يرتفع متوسط قيمة المشروع إلى 37,000 ريال (5 مشاريع تقريبًا 185,000 ريال)، ثم اعتبارًا من الشهر 7 يرتفع عدد المشاريع إلى 8 مشاريع/شهر بنفس المتوسط 37,000 ريال تقريبًا 296,000 ريال، ويستمر عند هذا المعدل حتى الشهر 12 كسيناريو أساسي محافظ لإيراد الخدمات فقط. متوسط 37,000 ريال يمثل مزيجًا بين قيم مشاريع الأنظمة الأساسية للشقق (11,000–20,000 ريال للمشروع) وللفلل (20,000–45,000 ريال للمشروع). عدّل الخلايا الزرقاء في الصف 24 لاختبار سيناريو نمو مختلف. إيراد بيع الأجهزة (الأشهر 9–12) مضاف بشكل منفصل في القسم أدناه ولا يظهر في هذا الصف.
A29: مبيعات الأجهزة عبر قنوات التوزيع (تُضاف في الأشهر 9–12 فقط، مع دفعة الإنتاج الموسّعة)
A30: متوسط صافي تكلفة الجهاز (ريال) — من دفعة 1,000 وحدة | B30: 61
A31: متوسط سعر التجزئة للجهاز (ريال) — من دفعة 1,000 وحدة | B31: 190
A32: نسبة قناة التجزئة (بيع مباشر) | B32: 0.4
A33: نسبة قناة الموزعين والفنيين المستقلين | B33: 0.3
A34: نسبة قناة الجملة | B34: 0.2
A35: نسبة الفريق الداخلي | B35: 0.1
A36: إجمالي نسب القنوات (يجب أن يساوي 100%) | B36: =SUM(B32:B35)
A37: متوسط سعر البيع الموزون بعد مزيج القنوات (ريال/جهاز) | B37: =B30+(B35*0.25+B34*0.5+B33*0.75+B32*1)*(B31-B30)
A39: عدد الأجهزة المخطط بيعها شهريًا (خلايا زرقاء، الأشهر 9–12 فقط)
B40: 0 | C40: 0 | D40: 0 | E40: 0 | F40: 0 | G40: 0 | H40: 0 | I40: 0 | J40: 220 | K40: 250 | L40: 260 | M40: 270
A41: إيراد بيع الأجهزة الشهري (ريال) | B41: =B40*$B$37 | C41: =C40*$B$37 | D41: =D40*$B$37 | E41: =E40*$B$37 | F41: =F40*$B$37 | G41: =G40*$B$37 | H41: =H40*$B$37 | I41: =I40*$B$37 | ... M41: =M40*$B$37
A43: ملاحظة: 1,000 جهاز تمثل دفعة الإنتاج الموسّعة (Scaled Batch) الموثّقة في خطة التصنيع، تُطرح للبيع عبر مزيج القنوات أعلاه بدءًا من الشهر 9 (بعد اكتمال الاستيراد والتخليص). متوسط سعر التكلفة الصافي 61 ريال ومتوسط سعر التجزئة 190 ريال محسوبان من فهرس المنتجات الكامل (15 صنفًا) بأوزان الكميات الفعلية للدفعة. نسبة التكلفة الصافية إلى سعر التجزئة تبلغ تقريبًا 32%، وهي قريبة جدًا من نسبة التكاليف المتغيرة المستخدمة أصلاً لإيراد المشاريع (30% توريد + 2% عمولة)، لذلك يُطبَّق نفس معدل التكلفة المتغيرة (B20) على إجمالي الإيراد (مشاريع + أجهزة) في ورقة الأداء الشهري دون الحاجة لبند تكلفة منفصل. عدّل الخلايا الزرقاء (الكميات ونسب القنوات) لاختبار سيناريو توزيع مختلف.

Sheet الأداء الشهري
A1: SYLTRA SMART — الأداء المالي الشهري (12 شهرًا)
A3: البند | B3: الشهر 1 | C3: الشهر 2 | D3: الشهر 3 | E3: الشهر 4 | F3: الشهر 5 | G3: الشهر 6 | H3: الشهر 7 | I3: الشهر 8 | J3: الشهر 9 | K3: الشهر 10 | L3: الشهر 11 | M3: الشهر 12
A4: إيراد المشاريع (خدمات التركيب والتشغيل) | B4: ='الافتراضات'!B24 | C4: ='الافتراضات'!C24 | D4: ='الافتراضات'!D24 | E4: ='الافتراضات'!E24 | F4: ='الافتراضات'!F24 | G4: ='الافتراضات'!G24 | H4: ='الافتراضات'!H24 | I4: ='الافتراضات'!I24 | ... M4: ='الافتراضات'!M24
A5: إيراد بيع الأجهزة عبر القنوات (الأشهر 9–12) | B5: ='الافتراضات'!B41 | C5: ='الافتراضات'!C41 | D5: ='الافتراضات'!D41 | E5: ='الافتراضات'!E41 | F5: ='الافتراضات'!F41 | G5: ='الافتراضات'!G41 | H5: ='الافتراضات'!H41 | I5: ='الافتراضات'!I41 | ... M5: ='الافتراضات'!M41
A6: إجمالي الإيراد الشهري | B6: =B4+B5 | C6: =C4+C5 | D6: =D4+D5 | E6: =E4+E5 | F6: =F4+F5 | G6: =G4+G5 | H6: =H4+H5 | I6: =I4+I5 | ... M6: =M4+M5
A7: التكاليف الثابتة | B7: ='الافتراضات'!$B$8 | C7: ='الافتراضات'!$B$8 | D7: ='الافتراضات'!$B$8 | E7: ='الافتراضات'!$B$8 | F7: ='الافتراضات'!$B$8 | G7: ='الافتراضات'!$B$8 | H7: ='الافتراضات'!$B$8 | I7: ='الافتراضات'!$B$8 | ... M7: ='الافتراضات'!$B$8
A8: التكاليف المتغيرة (على إجمالي الإيراد) | B8: =B6*'الافتراضات'!$B$20 | C8: =C6*'الافتراضات'!$B$20 | D8: =D6*'الافتراضات'!$B$20 | E8: =E6*'الافتراضات'!$B$20 | F8: =F6*'الافتراضات'!$B$20 | G8: =G6*'الافتراضات'!$B$20 | H8: =H6*'الافتراضات'!$B$20 | I8: =I6*'الافتراضات'!$B$20 | ... M8: =M6*'الافتراضات'!$B$20
A9: إجمالي التكاليف الشهرية | B9: =B7+B8 | C9: =C7+C8 | D9: =D7+D8 | E9: =E7+E8 | F9: =F7+F8 | G9: =G7+G8 | H9: =H7+H8 | I9: =I7+I8 | ... M9: =M7+M8
A10: صافي النتيجة التشغيلية الشهرية | B10: =B6-B9 | C10: =C6-C9 | D10: =D6-D9 | E10: =E6-E9 | F10: =F6-F9 | G10: =G6-G9 | H10: =H6-H9 | I10: =I6-I9 | ... M10: =M6-M9
A11: التراكمي التشغيلي (بدون رأسمالية) | B11: =B10 | C11: =B11+C10 | D11: =C11+D10 | E11: =D11+E10 | F11: =E11+F10 | G11: =F11+G10 | H11: =G11+H10 | I11: =H11+I10 | J11: =I11+J10 | ... M11: =L11+M10
A12: المنصرفات الرأسمالية (مرة واحدة، الشهر 1) | B12: ='الافتراضات'!$B$15 | C12: 0 | D12: 0 | E12: 0 | F12: 0 | G12: 0 | H12: 0 | I12: 0 | J12: 0 | K12: 0 | L12: 0 | M12: 0
A13: التراكمي الكلي (شامل الرأسمالية) | B13: =B11-B12 | C13: =C11-SUM($B$12:C12) | D13: =D11-SUM($B$12:D12) | E13: =E11-SUM($B$12:E12) | F13: =F11-SUM($B$12:F12) | G13: =G11-SUM($B$12:G12) | H13: =H11-SUM($B$12:H12) | I13: =I11-SUM($B$12:I12) | J13: =J11-SUM($B$12:J12) | ... M13: =M11-SUM($B$12:M12)
A15: مؤشرات التعادل
A16: أول شهر تعادل تشغيلي شهري (صافي شهري &gt;= 0) | B16: =COUNTIF(B10:M10,"<0")+1
A17: أول شهر تعادل تراكمي تشغيلي (بدون رأسمالية) | B17: =COUNTIF(B11:M11,"<0")+1
A18: شهر التعادل الكامل المتوقع (شامل الرأسمالية، تقديري) | B18: =IF(M13>=0,COUNTIF(B13:M13,"<0")+1,12+ROUNDUP(-M13/M10,0))
A20: الصف الأخضر/الأحمر: أخضر = نتيجة موجبة (تعادل أو ربح) لذلك الشهر، أحمر = عجز. الخلية B18 تقدير حسابي: إن لم يتحقق التعادل الكامل خلال الأشهر الـ12، تُحسب الأشهر الإضافية اللازمة بافتراض استمرار صافي الشهر 12 كمعدّل ثابت. اعتبارًا من الشهر 9 يشمل الإيراد الشهري إيراد بيع الأجهزة عبر القنوات إضافة إلى إيراد المشاريع.

Sheet الملخص السنوي
A1: SYLTRA SMART — الملخص المالي السنوي (السنة الأولى)
A3: الإيراد والتكاليف السنوية
A4: إجمالي الإيراد السنوي | B4: =SUM('الأداء الشهري'!B6:M6)
A5: منها: إيراد المشاريع (الخدمات) | B5: =SUM('الأداء الشهري'!B4:M4)
A6: منها: إيراد بيع الأجهزة عبر القنوات (الأشهر 9–12) | B6: =SUM('الأداء الشهري'!B5:M5)
A7: إجمالي التكاليف الثابتة السنوية | B7: =SUM('الأداء الشهري'!B7:M7)
A8: إجمالي التكاليف المتغيرة السنوية | B8: =SUM('الأداء الشهري'!B8:M8)
A9: إجمالي المنصرفات الرأسمالية (لمرة واحدة) | B9: ='الافتراضات'!B15
A10: إجمالي التكاليف السنوية الكلية | B10: =B7+B8+B9
A12: الربحية السنوية
A13: صافي الربح التشغيلي السنوي (بدون رأسمالية) | B13: =B4-B7-B8
A14: صافي الربح / الخسارة السنوي الكلي (شامل الرأسمالية) | B14: =B4-B10
A15: هامش الربح التشغيلي | B15: =IF(B4=0,0,B13/B4)
A17: مؤشرات التعادل
A18: أول شهر تعادل تشغيلي شهري | B18: ='الأداء الشهري'!B16
A19: أول شهر تعادل تراكمي تشغيلي (بدون رأسمالية) | B19: ='الأداء الشهري'!B17
A20: شهر التعادل الكامل المتوقع (شامل الرأسمالية) | B20: ='الأداء الشهري'!B18
A22: مصدر أرقام الأشهر 1–5: خطة الاستثمار الموثّقة لمشروع SYLTRA SMART (المرحلة الأولى، متوسط 27,000 ريال/مشروع). اعتبارًا من الشهر 6 يرتفع متوسط قيمة المشروع إلى 37,000 ريال، ثم اعتبارًا من الشهر 7 يرتفع عدد المشاريع إلى 8 مشاريع/شهر (~296,000 ريال). اعتبارًا من الشهر 9 يُضاف أيضًا إيراد بيع 1,000 جهاز من دفعة الإنتاج الموسّعة عبر قنوات التوزيع (تجزئة، موزعون وفنيون مستقلون، جملة، فريق داخلي)، إلى جانب استمرار إيراد المشاريع. عدّل ورقة الافتراضات لاختبار سيناريوهات نمو أو مزيج قنوات مختلف.
